id,name,address,phone,category,sub category
226,4wd Super Centre Dom Distribution,dalby,,Work Related Expenses,Tools
25,Advanced Life,,,,
26,Agas,,,,
27,Alco Batteries,,,,
28,Aldi Parts Screws,,,Work Related Expenses,"Parts, Screws, Cable, Fixtures"
230,Aldi Ppe,,,Work Related Expenses,Ppe
223,Allans Electronics,,,Work Related Expenses,Tools
5,Allens Industrial,,,Work Related Expenses,PPE
30,Allfix Fasteners,,,,
31,Allianz,,,,
196,Altronics,,,Work Related Expenses,Tools
32,Amart,,,,
33,Amazon,,,Work Related Expenses,Tools
122,Amazon,,,Work Related Expenses,Stationary
34,Ampac Technologies,,,,
203,Andrews Light Up,,,Work Related Expenses,"Parts, Screws, Cable, Fixtures"
190,Apple Store Brisbane,,,Work Related Expenses,Mobile Phone
242,Arb,,,Work Related Expenses,Tools
35,Auslec,,,,
36,Ausriver,,,,
37,Australia Post,,,Work Related Expenses,Stationary
38,Australian Foam And Rubber,,,,
39,Autobarn,,,Work Related Expenses,Tools
235,Avg Antivirus Licence,,,Work Related Expenses,Licences
40,Barbecues Galore,,,,
41,Bcf,,,Work Related Expenses,Tools
234,Beacon Lighting,,,Work Related Expenses,"Parts, Screws, Cable, Fixtures"
42,Best & Less,,,,
208,Best Pool Supplies Pty Ltd ,,,Personal Expenses,Pool
210,Best Western,,,Work Related Expenses,Living Away From Home Meal Expenses
43,Bicycle World,,,,
44,Big Pond,,,Work Related Expenses,Internet
45,Big W,,,,
187,Blackwoods Carole Park,,,Work Related Expenses,Tools
46,Blue Card Services,,,,
47,Brakes Plus,,,,
48,Bremer Ford,,,,
49,Brindabella Airlines,,,,
185,Brisbane City Council,,,Work Related Expenses,Ppe
251,Brisbane Fasteners,,,Work Related Expenses,"Parts, Screws, Cable, Fixtures"
50,Bsm Mitre 10,,,,
51,Bullseye Window Tinting,,,,
52,Bundaberg Disposals And Outdoors,,,,
53,Bundamba Auto Wreckers,,,,
4,Bunnings Warehouse,,,Work Related Expenses,Tools
217,Bunnings Warehouse,,,Personal Expenses,Tools
55,C & K Kindergarden,,,,
56,C_Tools_Plus,,,,
238,Caddit,,,Work Related Expenses,Computer Software
201,Cadman Motor Inn,,,Work Related Expenses,Accomodation
57,Camec,,,Work Related Expenses,Tools
245,Caos,,,Work Related Expenses,Ppe
195,Car Wash,,,Work Related Expenses,Tools
58,Caravan Insurance Limited,,,,
231,Century Yuasa Batteries,,,Work Related Expenses,Tools
59,Cetnaj,,,,
60,Chapmans Plumbing Plus,,,,
222,Chemist,,,Work Related Expenses,Ppe
194,City Caravans Qld,,,Work Related Expenses,Tools
61,City Rv Centre,,,,
225,Cnw,,,Work Related Expenses,"Parts, Screws, Cable, Fixtures"
216,Coles,,,Work Related Expenses,Ppe
62,Colleges United Soccer Club,,,,
7,Computer Clearance Centre,,,Work Related Expenses,Computer Hardware
63,Cost Less Copies,,,,
64,Dehaas Maintenance,,,,
192,Diamond Digital,,,Work Related Expenses,Ppe
65,Dick Smith,,,,
199,Discount Drug Store,,,Work Related Expenses,Ppe
66,Dj Automotive Repairs,,,,
246,Dji Industries,,,Work Related Expenses,Tools
236,Dmw Industries,,,Work Related Expenses,Ppe
67,Dodo,,,,
68,Downunder Camping,,,,
69,Dr Pitney,,,,
224,Dream It Solutions,,,Work Related Expenses,Internet
70,Eadies Mechanical,,,,
71,Ebay Online Purchase,,,Work Related Expenses,Tools
72,Eehotsell,,,,
207,Electrical Safety Office,,,Work Related Expenses,Licences
73,Elgas,,,,
74,Elliot Heads Holiday Park,,,,
14,Enirgi Power Storage,,,Work Related Expenses,Tools
75,Enviromental Health Services,,,,
76,Eshop3721,,,,
77,Etu,,,Work Related Expenses,Union Fees
78,Exceeding International,,,,
79,Fire Protection Assoc,,,Work Related Expenses,Licences
243,Fire Protection Industry,,,Work Related Expenses,Licences
80,Flash Harrys,,,,
81,Flexi Glass,,,,
82,Forbes Batteries & Communications,,,,
83,Ford Qld F Series Spares,,,,
84,Fuel,,,,
85,Gas Spark,,,,
188,Gas Strut Guys,,,Work Related Expenses,Tools
233,Get Skilled Training,,,Work Related Expenses,Training
86,Glenfords,,,,
200,Gm Mini Excavation Hire,,,Work Related Expenses,Tools
87,Go Electrical,,,,
6,Good Guys,,,Personal Expenses,Uniforms
248,Hanes Australasia,,,Work Related Expenses,Ppe
237,Hare & Forbes,,,Work Related Expenses,Tools
232,Harris Technologies,,,Work Related Expenses,Tools
89,Harvey Norman,,,Work Related Expenses,Computer Hardware
229,Haymans Electrical Parts,,,Work Related Expenses,"Parts, Screws, Cable, Fixtures"
13,Haymans Electrical Tools,,,Work Related Expenses,Tools
92,Ideal Electrical Supplies,,,,
3,Ink Station,,,Work Related Expenses,Stationary
94,Internode,,,,
95,Ipswich Auto Transmission,,,,
96,Ipswich Cycles,,,,
97,Ipswich Lifestyle Centre,,,,
98,Ipswich Spare Parts,,,,
99,Ipswich Tyre Centre,,,,
100,Ipswich Waste Services,,,Work Related Expenses,Dump Fees
247,Itech World,,,Work Related Expenses,Tools
102,Itsbits Computers,,,,
103,Jax Tyres,,,,
104,Jaycar,,,Work Related Expenses,"Parts, Screws, Cable, Fixtures"
105,Jb Hifi,,,Work Related Expenses,"Parts, Screws, Cable, Fixtures"
106,Jeans West,,,,
107,Johnny Appleseed,,,Work Related Expenses,Tools
108,Jr Turks,,,,
91,Karalee Hardware,,,Work Related Expenses,Tools
109,Karalee News,,,,
110,Karalee State School,,,,
197,Karalee Village Chemmart Pharmacy,,,Work Related Expenses,Ppe
111,Kayak,,,,
112,King Gee,,,Work Related Expenses,Ppe
113,Kmart,,,,
239,Kropps,,,Work Related Expenses,Tools
114,L & H,,,,
8,Lawrence & Hanson,,,Work Related Expenses,"Parts, Screws, Cable, Fixtures"
115,Les Ray & Ass,,,Work Related Expenses,Last Years Tax Return
116,Lifestyle Centre,,,,
221,Linkt,,,Work Related Expenses,Etoll
202,Loganholme 7 Day Hardware ,,,Work Related Expenses,Tools
117,Lowes,,,,
118,Main Beach Tourist Park,,,,
11,Masters Home Improvement,,,Work Related Expenses,Tools
209,Meal Expenses,,,Work Related Expenses,Living Away From Home Meal Expenses
120,Melbourne It,,,,
206,Microsoft,,,Work Related Expenses,Computer Software
121,Minit,,,,
123,Mister Mint,,,Work Related Expenses,Ppe
124,Mitre 10,,,Work Related Expenses,Ppe
125,Mower Place Kenmore,,,,
218,Mr Magic Car Wash,,,Work Related Expenses,Wash Work Vehicle
126,Mr Toys,,,,
127,Msy Technologies,,,Work Related Expenses,Stationary
128,My Computer Guy,,,,
211,Myer,,,Work Related Expenses,Ppe
212,Nandos,,,Work Related Expenses,Meal Allowance Expenses
252,Nathan Ray,,,Work Related Expenses,Last Years Tax Return
129,Netlearn,,,,
130,Network Kitchens Pty Ltd,,,,
198,North Tivoli Nursery,,,Work Related Expenses,Tools
131,Nras,,,,
132,Nrma,,,,
133,O'brien Glass,,,,
134,Officeworks,,,Work Related Expenses,Stationary
135,Origin,,,,
136,Oritech,,,,
137,Outlet Homewares,,,,
138,Pack & Send,,,,
139,Parking,,,Work Related Expenses,Parking
140,Paypal,,,Work Related Expenses,Tools
141,Pedders,,,,
204,Pegasus Management Singleton,,,Work Related Expenses,Licences
142,Pet Zfoods Direct,,,,
143,Peter Mcmahon Swim Factory,,,,
144,Phone Mania,,,,
145,Police,,,,
249,Ppe,,,Work Related Expenses,Ppe
147,Prd Booval,,,,
148,Priceline Pharmacy,,,Work Related Expenses,Ppe
149,Prime Electronics,,,,
227,Qbcc,,,Work Related Expenses,Licences
214,Qld Rail,,,Work Related Expenses,Parking
150,Queensland Motorways Limited,,,Work Related Expenses,Etoll
151,Racq,,,Work Related Expenses,Ppe
152,Rare Spares,,,,
153,Raw Cycles,,,,
154,Razscrazybargains,,,,
155,Reece,,,,
156,Repco,,,Work Related Expenses,Tools
244,Rm Williams,,,Work Related Expenses,Ppe
157,Roof Racks Galore,,,Work Related Expenses,Tools
189,Rs Components,,,Work Related Expenses,Tools
228,Rsea,TOOWOOMBA,,Work Related Expenses,Ppe
158,Rt Edwards Service Centre,,,Personal Expenses,Air Conditioning
159,Sams Warehouse,,,,
10,Sapar,,,Work Related Expenses,Tools
191,Sedan Security,,,Work Related Expenses,Tools
160,Shade Center,,,,
161,Shannons,,,,
162,Signals Australia,,,,
163,Skywalk,,,,
241,Sprengers,,,Work Related Expenses,Ppe
164,St Edmunds College,,,,
213,Subway,,,Work Related Expenses,Meal Allowance Expenses
9,Super Amart,,,Work Related Expenses,Stationary
165,Super Cheap Auto,,,Work Related Expenses,Tools
166,Surf Lifesaving Foundation,,,,
250,Sydney Tools,,,Work Related Expenses,Tools
167,Takalvans,,,,
168,Target,,,,
169,Telstra,,,Work Related Expenses,Internet
170,Tentworld,,,Work Related Expenses,Tools
171,The Great Escape Camping Company,,,,
172,The Reject Shop,,,Work Related Expenses,Tools
173,Tint Smart,,,,
174,Tivoli Auto Electrics,,,,
175,Tivoli Tyre & Mechanical,,,,
240,Tjm,,,Work Related Expenses,Tools
253,Total Tools,,,Work Related Expenses,Tools
176,Totally Workwear,,,Work Related Expenses,Uniforms
177,Trade Tools,,,Work Related Expenses,Tools
178,Transport Queensland,,,Work Related Expenses,Registration
179,Tyres & More,,,Work Related Expenses,Tools
12,Vanderfield,,,Personal Expenses,Mower Service
180,Vodafone,,,,
181,Walkers Auto One,,,,
182,Walkers Karalee,,,,
193,Wisebuy Power Tools,,,Work Related Expenses,Tools
183,Woolworths,,,,
205,Work Cover Qld,,,Work Related Expenses,Licences
186,Yatala Glass & Aluminium,,,Work Related Expenses,Tools
215,Yellow Cabs,,,Work Related Expenses,Parking

